,Company/Brand,Amount($),Year of Funding
70,Alteria Capital,150000000000.0,2021
1556,Reliance Retail Ventures Ltd,70000000000.0,2020
1726,Snowflake,3000000000.0,2020
1553,Reliance,2200000000.0,2020
2002,VerSe Innovation,1550000000.0,6062
162,BYJU'S,1260000000.0,8084
502,Dream Sports,1240000000.0,4042
2153,Zomato,1154833765.1976557,14138
1818,Swiggy,1081833765.1976557,8079
273,Byju’s,1000000000.0,4040
1168,Meesho,995833765.1976557,6060
1318,OYO,990833765.1976557,8081
272,Byju's,947860249.9107393,8079
1330,Ola,936833765.1976557,6058
2141,Zetwerk,925200000.0,12122
1555,Reliance Retail Ventures,800000000.0,2020
1416,PhonePe,720000000.0,4040
191,BharatPe,705200000.0,20208
1361,Oyo,700000000.0,4040
1663,ShareChat,666184765.1976557,8079
275,CARS24,650000000.0,4041
1741,Spinny,640533765.1976557,12120
1075,Lenskart,590000000.0,6061
473,Delhivery,556860249.9107393,8083
279,CRED,545000000.0,6062
1331,Ola Electric,501000000.0,8083
797,Groww,488833765.19765574,8080
1412,PharmEasy,475833765.19765574,4039
1972,Urban Company,438000000.0,4042
1326,OfBusiness,435000000.0,4042
1309,Nykaa,430051514.9298737,14138
1083,Licious,424833765.19765574,10098
1940,Udaan,405833765.19765574,4039
2142,Zhangmen,400000000.0,2020
271,Byju,400000000.0,4040
1948,Unacademy,395860249.9107393,10102
149,Ayana,390000000.0,2020
1460,Postman,375000000.0,4041
1122,MPL,370833765.19765574,12123
1995,Vedantu,369133765.19765574,12119
118,Asteria Aerospace,355833765.19765574,4037
503,Dream11,350833765.19765574,4038
1766,Stelis Biopharma,320833765.19765574,4039
292,CarDekho,320000000.0,4040
1545,Rebel Foods,306400000.0,10101
1944,Ultraviolette,300000000.0,4042
373,CoinSwitch Kuber,300000000.0,6063
660,FirstCry,296000000.0,2020
1908,Trell,287833765.19765574,12119
485,Digit Insurance,284340000.0,8082
218,Bizongo,281000000.0,8083
1425,Pine Labs,272320499.82147866,8082
1210,Mohalla Tech,266000000.0,2021
1146,Max Healthcare,265833765.19765574,4039
1705,Slice,261082000.0,10103
760,GlobalBees,261000000.0,4042
1629,Sarva,260380749.732218,8079
1541,Razorpay,260000000.0,4041
516,Dunzo,259833765.19765574,10099
35,Acko,255000000.0,2021
1876,TheCollegeFever,251667530.39531147,4036
1002,Khatabook,245860249.91073933,6061
718,Furlenco,240033765.19765574,10100
667,Five Star Finance,234000000.0,2021
1136,Mamaearth,231133765.19765574,8080
1767,Stellaris Venture Partners,225000000.0,2021
311,Cell Propulsion,213694015.10839507,6059
733,GalaxyCard,212144015.10839507,6059
1769,Steradian Semiconductors,211694015.10839507,4038
222,Blackbuck,211694015.10839507,4038
96,AppsFlyer,210000000.0,2020
1286,Ninjacart,209164066.49765575,8077
248,Bounce,209000000.0,6060
1899,Toppr,207594765.19765574,6058
401,Cred,206833765.19765574,4039
1846,Teachmint,203860249.91073933,10103
1164,Medikabazaar,200833765.19765574,4039
554,ElasticRun,200833765.19765574,4039
1588,Rupeek,200833765.19765574,6058
838,HealthifyMe,200833765.19765574,4039
510,Droom,200000000.0,2021
1272,NewLink Group,200000000.0,2021
951,Interviewbit,200000000.0,2020
260,BrowserStack,200000000.0,2021
1095,Livspace,194833765.19765574,6058
150,Aye Finance,194136765.19765574,8078
1465,Pratilipi,183233765.19765574,6059
462,DealShare,177000000.0,8083
2026,Vivriti Capital,176833765.19765574,6058
1833,Taimei,176000000.0,2020
2139,ZestMoney,175833765.19765574,4039
163,BYJU’S,175833765.19765574,4039
598,Expertrons,174020499.82147866,8082
1525,RACEnergy,173020499.82147866,6061
1461,Power Gummies,172720499.82147866,6061
607,F5,172620499.82147866,8082
1477,Pristyn Care,172000000.0,8081
627,Fanspole,171720499.82147866,4040
1558,Remedo,171720499.82147866,4040
1914,Tring,171720499.82147866,4040
854,Hire Me Car,171720499.82147866,4040
499,Doubtnut,170833765.19765574,6059
89,Apna,170000000.0,4042
920,Infarm,170000000.0,2020
1748,Sportido,169164066.49765575,4037
1066,Leena AI,163833765.19765574,6059
2136,Zepto,160000000.0,4042
1033,KreditBee,158000000.0,6063
461,DeHaat,157000000.0,6062
696,Fourth Partner Energy,156000000.0,6061
1502,Purplle,153000000.0,8081
831,Hasura,150833765.19765574,4038
474,Design Cafe,150833765.19765574,4039
1861,The Good Glamm Group,150000000.0,2021
1852,Tekion,150000000.0,2020
1582,Ruangguru,150000000.0,2019
769,GoMechanic,147560249.91073933,8080
314,Chaayos,147333765.19765574,4038
1354,Origo,146633765.19765574,8078
927,Infra.Market,146000000.0,8081
765,GoBolt,145833765.19765574,4039
2043,Wakefit,145833765.19765574,4039
837,HealthPlix,145333765.19765574,6059
758,Glance,145000000.0,2020
435,Curefit,145000000.0,2021
2213,upGrad,145000000.0,4042
876,HungerBox,144533765.19765574,6057
1677,Shuttl,141852465.19765574,6058
547,Eduvanz,140833765.19765574,6059
129,Avail Finance,140468765.19765574,6059
487,Disprz,140433765.19765574,6059
589,Eupheus Learning,140133765.19765574,6059
2150,Zoko,140000000.0,2021
1936,Twin Health,140000000.0,2021
1436,PlanetSpark,139282265.19765574,6059
1709,Smallcase,139260249.91073933,6061
476,Detect Technologies,137833765.19765574,4039
708,FreshtoHome,137000000.0,4040
1133,Magicpin,136712765.19765574,6058
1109,Log 9 Materials,136333765.19765574,6060
788,Gramophone,136173765.19765574,6059
1170,Mensa,135000000.0,2021
1369,Pando,134833765.19765574,4038
1680,Signzy,134233765.19765574,6058
394,Coutloot,133833765.19765574,4039
242,Bombay Shaving Company,133833765.19765574,6060
1429,Pitstop,132853765.19765574,8079
1204,MobiKwik,132833765.19765574,4038
1316,OTO Capital,131833765.19765574,4039
1764,Stanza Living,131533765.19765574,4037
1190,Milkbasket,131333765.19765574,4038
550,Eggoz,131162765.19765574,8079
902,InCred,130833765.19765574,4038
987,Kaleidofin,130833765.19765574,4037
146,Awign Enterprises,130333765.19765574,6057
1290,NirogStreet,130333765.19765574,6059
1945,Ultraviolette Automotive,130243765.19765574,6058
1079,LetsTransport,130188265.19765574,8078
853,Hippo Video,129833765.19765574,4038
1241,Mynvax,129833765.19765574,4039
703,Freightwalla,129833765.19765574,4037
1670,Shop101,129733765.19765574,4038
871,Hubilo,129500000.0,4041
890,ION Energy,129433765.19765574,4039
1246,NIRA,128933765.19765574,6058
2093,Wooden Street,128833765.19765574,4038
2159,ZunRoof,128833765.19765574,4038
320,Charcoal Eats,127833765.19765574,4038
1001,Khabri,127833765.19765574,4039
709,Freyr Energy,127833765.19765574,4039
1578,Rooter,127533765.19765574,4038
1274,NewsBytes,127333765.19765574,4038
741,Generico,127233765.19765574,4038
1717,SmartVizX,127230765.19765574,4038
11,6Degree,127173765.19765574,6059
614,FabAlley,126933765.19765574,4038
315,Chai Kings,126833765.19765574,4038
1921,True Elements,126833765.19765574,4039
2127,Yumlane,126833765.19765574,4038
2154,Zoomcar,126800000.0,6060
213,Biryani By Kilo,126623765.19765574,4038
587,Eunimart,126533765.19765574,4039
1293,Nivesh.com,126433765.19765574,4037
351,Clensta,126433765.19765574,4039
1206,Mobile Premier League (MPL),126333765.19765574,4038
1323,OckyPocky,126233765.19765574,6059
1017,Knocksense,126183765.19765574,6060
1423,Picxy,126083765.19765574,4038
995,Keito,125993765.19765574,6059
679,Flickstree,125874665.19765574,4038
635,Fasal,125853765.19765574,4038
880,Hyperdata.IO,125833765.19765574,2018
2097,Worxogo,125833765.19765574,2018
2098,Wow Express,125833765.19765574,2018
868,Housejoy,125833765.19765574,2018
872,Huddle,125833765.19765574,2018
870,Hubhopper,125833765.19765574,4039
904,Inc42,125833765.19765574,2018
869,HousingMan.com,125833765.19765574,2018
894,Iba Halal Care,125833765.19765574,2018
848,Hey Deedee,125833765.19765574,2018
849,HeyHolidays,125833765.19765574,2018
877,Hush - Speak Up. Make Work Better,125833765.19765574,2018
900,Impact Guru,125833765.19765574,2018
896,Idha Skin Clinic,125833765.19765574,2018
866,Hospals,125833765.19765574,2018
879,HyperXchange,125833765.19765574,2018
895,Ideal Insurance Brokers/ 121Policy.com,125833765.19765574,2018
888,INDwealth,125833765.19765574,2018
2084,Wishfie,125833765.19765574,2018
908,IndiQube,125833765.19765574,2018
2072,Wicked Ride Adventure Services Private Limited,125833765.19765574,2018
1039,Kuants,125833765.19765574,2018
1044,Kuvera.in,125833765.19765574,2018
1050,LT Foods,125833765.19765574,2018
1055,Lavelle Networks,125833765.19765574,2018
1063,LearnApp,125833765.19765574,2018
2074,Wide Mobility Mechatronics,125833765.19765574,2018
1072,Lendbox,125833765.19765574,2018
1078,LetsMD,125833765.19765574,2018
2077,Wimoxez,125833765.19765574,2018
1081,Letstrack,125833765.19765574,2018
2070,Wholesome Habits (EAT Anytime),125833765.19765574,2018
1092,LivQuik,125833765.19765574,2018
1094,Livehealth,125833765.19765574,2018
2067,WheelsEMI,125833765.19765574,2018
1099,Loadshare,125833765.19765574,2018
1101,Loans4SME,125833765.19765574,2018
1034,Kriger Campus,125833765.19765574,2018
1021,Kogta Financial India Limited,125833765.19765574,2018
909,India Accelerator,125833765.19765574,2018
939,Inntot Technologies,125833765.19765574,2018
912,Indiabulls Ventures,125833765.19765574,2018
916,IndigoLearn,125833765.19765574,2018
2096,Workflexi,125833765.19765574,2018
932,Inner Being Wellness,125833765.19765574,2018
933,InnerChef,125833765.19765574,2018
2085,Wishup,125833765.19765574,2018
936,Innov8 Coworking,125833765.19765574,2018
841,HelloVerify,125833765.19765574,2018
1019,Kobster,125833765.19765574,2018
953,Inthree Access,125833765.19765574,2018
961,Jagaran Microfin,125833765.19765574,2018
968,Jetbrain Robotics,125833765.19765574,2018
2083,Wishberry,125833765.19765574,2018
1003,Khidki,125833765.19765574,2018
1004,Kidovators (by GyanLab),125833765.19765574,2018
1012,Kissht,125833765.19765574,2018
844,Hero Electric,125833765.19765574,2018
1777,Streak,125833765.19765574,2018
840,Heelium,125833765.19765574,2018
640,FeedMyPockets,125833765.19765574,2018
2176,edureka!,125833765.19765574,2018
609,FLEECA,125833765.19765574,2018
619,Faclon Labs,125833765.19765574,2018
2172,docturnal,125833765.19765574,2018
632,FarmTaaza,125833765.19765574,2018
634,FarmersFZ,125833765.19765574,2018
638,FastFox,125833765.19765574,2018
2171,dishq,125833765.19765574,2018
646,Fincash.com,125833765.19765574,2018
686,Flock,125833765.19765574,2018
655,Finwego,125833765.19765574,2018
656,Finzy,125833765.19765574,2018
2167,arzooo.com,125833765.19765574,2018
665,Fitternity,125833765.19765574,2018
2166,artbandhu,125833765.19765574,2018
669,Fixpocket,125833765.19765574,2018
671,Flathalt,125833765.19765574,2018
2165,alphaics Corporation,125833765.19765574,2018
2181,hoi foods,125833765.19765574,2018
2182,i2ifunding,125833765.19765574,2018
593,EventBeep,125833765.19765574,2021
576,Entropik Technology,125833765.19765574,2018
2210,srJna,125833765.19765574,2018
518,Duroflex Pvt. Ltd.,125833765.19765574,2018
525,EGK Foods,125833765.19765574,2018
527,ENLYFT DIGITAL SOLUTIONS PRIVATE LIMITED,125833765.19765574,2018
529,ERUDITUS Executive Education,125833765.19765574,2018
534,Earth Food,125833765.19765574,2018
2206,myUpchar,125833765.19765574,2018
2205,myHQ,125833765.19765574,2018
549,Edyoo,125833765.19765574,2018
2202,mfine,125833765.19765574,2018
553,Ekincare,125833765.19765574,2018
2185,iChamp,125833765.19765574,2018
558,Elemential,125833765.19765574,2018
563,Em Personal Care,125833765.19765574,2018
565,Emflux Motors,125833765.19765574,2018
566,Emojifi,125833765.19765574,2018
567,Enakshi,125833765.19765574,2018
2163,Zyla Health,125833765.19765574,2018
687,Flyrobe,125833765.19765574,2018
839,Healthkart,125833765.19765574,2018
816,Hansel.io,125833765.19765574,2018
773,Goals101,125833765.19765574,2018
2123,YourOwnROOM,125833765.19765574,2018
798,Guardian.in,125833765.19765574,2018
800,Gugu,125833765.19765574,2018
801,Guiddoo World,125833765.19765574,2018
1102,Loanzen,125833765.19765574,2018
808,Haazri,125833765.19765574,2018
815,HalaPlay Technologies,125833765.19765574,2018
817,Happy Cow Dairy,125833765.19765574,2018
689,Food Memories,125833765.19765574,2018
820,HappyEMI,125833765.19765574,2018
823,Happyeasygo Group,125833765.19765574,2018
830,Hashtag Loyalty Private Limited,125833765.19765574,2018
2113,Yaantra,125833765.19765574,2018
834,HealWell24,125833765.19765574,2018
836,HealthAssure,125833765.19765574,2018
2106,Xplorabox,125833765.19765574,2018
2099,Wow Venue,125833765.19765574,2018
772,GoZefo,125833765.19765574,2018
767,GoGaga,125833765.19765574,2018
766,GoBumpr,125833765.19765574,2018
2129,ZAMROO,125833765.19765574,2018
690,FoodBuddy,125833765.19765574,2018
694,Forum for Innovation Incubation Research and Entrepreneurship,125833765.19765574,2018
698,Foyr,125833765.19765574,2018
701,FreightBazaar,125833765.19765574,2018
702,FreightBro,125833765.19765574,2018
706,Freshboxx,125833765.19765574,2018
710,Fric Bergen,125833765.19765574,2018
719,Fusion Microfinance,125833765.19765574,2018
720,Fyle,125833765.19765574,2018
731,Gaia Smart Cities,125833765.19765574,2018
737,GamingMonk,125833765.19765574,2018
738,Gegadyne Energy,125833765.19765574,2018
739,GenRobotic,125833765.19765574,2018
2149,Zoctr Health,125833765.19765574,2018
2143,ZiffyHomes,125833765.19765574,2018
2140,Zestl,125833765.19765574,2018
763,Go Payments,125833765.19765574,2018
805,GuruQ,125833765.19765574,2018
1151,Mech Mocha,125833765.19765574,2018
1108,Locus.sh,125833765.19765574,2018
1114,Lucideus,125833765.19765574,2018
1526,RAHI Care,125833765.19765574,2018
1531,Racetrack,125833765.19765574,2018
1540,Rays Power Infra,125833765.19765574,2018
1913,Tricog Health Services Pvt Ltd,125833765.19765574,2018
1909,Trendlyne Technologies,125833765.19765574,2018
1549,Reculta,125833765.19765574,2018
1905,Traveo Soft Pvt. Ltd.,125833765.19765574,2018
1903,Tranzmeo,125833765.19765574,2018
1894,Tolet for Students,125833765.19765574,2018
1893,Togedr,125833765.19765574,2018
1891,Toffee,125833765.19765574,2018
1564,RevFin,125833765.19765574,4039
1572,Roadcast,125833765.19765574,2018
1575,Rocketium,125833765.19765574,2018
1576,Rockmetric,125833765.19765574,2018
1579,Roposo,125833765.19765574,2018
1581,Royal Sundaram General Insurance Co. Limited,125833765.19765574,2018
1878,Theranosis Life Sciences,125833765.19765574,2018
1584,Rubix108 Technologies,125833765.19765574,2018
1916,Tripeur,125833765.19765574,2018
1518,Quikr,125833765.19765574,2018
1507,Qbera,125833765.19765574,2018
1929,Try & Buy,125833765.19765574,2018
1435,Planet11 eCommerce Solutions India (Avenue11),125833765.19765574,2018
1438,Planys Technologies,125833765.19765574,2018
1443,Playtoome,125833765.19765574,2018
1447,Plum Goodness,125833765.19765574,2018
1456,Pooltoo,125833765.19765574,2018
1935,Twenty Two Motors,125833765.19765574,2018
1457,Portea Medical,125833765.19765574,2018
1459,Poshmiles Online Solutions Private Limited,125833765.19765574,2018
1928,TrustCheckr,125833765.19765574,2018
1505,Qandle,125833765.19765574,2018
1923,Truebil,125833765.19765574,2018
1469,Predible Health,125833765.19765574,2018
1471,PregBuddy,125833765.19765574,2018
1475,PrestLoans,125833765.19765574,2018
1476,Printline Media(ThePrint),125833765.19765574,2018
1491,Propelld,125833765.19765574,2018
1492,Propshop24,125833765.19765574,2018
1917,Tripshelf,125833765.19765574,2018
1587,RupeeCircle,125833765.19765574,2018
1871,The Souled Store,125833765.19765574,2018
1598,SBI Life,125833765.19765574,2018
1792,Sukkhi Jewellery,125833765.19765574,2018
1829,Tabono,125833765.19765574,2018
1824,TECHBOOZE,125833765.19765574,2018
1703,Sleepy Owl Coffee,125833765.19765574,2018
1821,Syncremedies Healthcare Pvt Ltd,125833765.19765574,2018
1706,SlicePay,125833765.19765574,2018
1718,Smartcoin,125833765.19765574,2018
1725,Snapmint,125833765.19765574,2018
1811,Survaider,125833765.19765574,2018
1744,Spoofin,125833765.19765574,2018
1686,Simulanis,125833765.19765574,2018
1784,Stumagz,125833765.19765574,2018
1749,Sports Flashes Pvt. Ltd,125833765.19765574,2018
1755,Sqrrl Fintech,125833765.19765574,2018
1757,Square Off,125833765.19765574,2018
1782,Studds Accessories,125833765.19765574,2018
1781,Strom Motors,125833765.19765574,2018
1778,Streo,125833765.19765574,2018
1771,StockEdge,125833765.19765574,2018
1688,Singularity Dynamics,125833765.19765574,2018
1681,Silversparro Technologies Pvt. Ltd,125833765.19765574,2018
1599,SEDEMAC Mechatronics,125833765.19765574,2018
1645,Scholify,125833765.19765574,2018
1615,SaffronStays,125833765.19765574,2018
1870,The Social Hook,125833765.19765574,2018
1634,Satin Creditcare Network Limited (SCNL),125833765.19765574,2018
1635,Sattviko,125833765.19765574,2018
1636,Satvacart,125833765.19765574,2018
1637,Satya MicroCapital,125833765.19765574,2018
1642,Scale Labs,125833765.19765574,2018
1643,Scapic,125833765.19765574,2018
1648,SectorQube,125833765.19765574,2018
1675,Shopkirana,125833765.19765574,2018
1653,Sensibull,125833765.19765574,2018
1654,Sequretek,125833765.19765574,2018
1866,The Ken,125833765.19765574,2018
1850,Technology 9 Labs (T9L),125833765.19765574,2018
1661,ShakeDeal,125833765.19765574,2018
1662,Shape (School Health and Physical Education),125833765.19765574,2018
1839,Taru Naturals,125833765.19765574,2018
1669,Shirsa Labs,125833765.19765574,2018
1434,Placio,125833765.19765574,2018
1431,Pixr8,125833765.19765574,2018
1430,PivotRoots,125833765.19765574,2018
1231,MyDentistChoice,125833765.19765574,2018
1198,MissMalini Entertainment,125833765.19765574,2018
1208,Mobycy,125833765.19765574,2018
1209,Moglix,125833765.19765574,2018
2029,Vogo Rentals,125833765.19765574,2018
1211,Mojro Technologies,125833765.19765574,2018
1212,Mombay,125833765.19765574,2018
1219,Moonshine Meadery,125833765.19765574,2018
1224,Multibashi,125833765.19765574,2018
1235,MyLoanCare,125833765.19765574,2018
1186,Mihuru,125833765.19765574,2018
1237,MyNewCar.in,125833765.19765574,2018
2027,Vizzbee,125833765.19765574,2018
1238,MySEODoc,125833765.19765574,2018
1242,Myra,125833765.19765574,2018
1248,NIRAMAI Health Analytix,125833765.19765574,2018
1252,Naaptol,125833765.19765574,2018
1269,Netmeds,125833765.19765574,2018
2025,Vivish Technologies (myGate),125833765.19765574,2018
1196,Mintifi,125833765.19765574,2018
1184,Microchip Payments,125833765.19765574,2018
1280,NiYO Solutions,125833765.19765574,2018
1145,Mate Labs,125833765.19765574,2018
1119,MCaffeine,125833765.19765574,2018
1120,MEngage,125833765.19765574,2018
2064,Wellthy Therapeutics Pvt Ltd,125833765.19765574,2018
1125,MY CHIRAAG CAB,125833765.19765574,2018
1130,MadGuy Labs,125833765.19765574,2018
1132,Magic Crate,125833765.19765574,2018
2059,Wedeterna,125833765.19765574,2018
1138,Manjushree Technopack,125833765.19765574,2018
2058,Wealthtrust,125833765.19765574,2018
2032,Vokal,125833765.19765574,2018
1150,McXtra,125833765.19765574,2018
1773,Stones2Milestones,125833765.19765574,2018
1153,Med365 Healthcare,125833765.19765574,2018
1154,MedCords,125833765.19765574,2018
2044,WalMart India,125833765.19765574,2018
2039,WOTU,125833765.19765574,2018
1165,Medimetry,125833765.19765574,2018
2037,WHR,125833765.19765574,2018
1279,Next Digital Solutions,125833765.19765574,2018
1281,NicheAI,125833765.19765574,2018
1428,Pipa+Bella,125833765.19765574,2018
1384,Paymatrix,125833765.19765574,2018
1352,Orbo.ai,125833765.19765574,2018
1966,UpCyclersLab,125833765.19765574,2018
1961,UnoTag,125833765.19765574,2018
1367,PaisaDukan,125833765.19765574,2018
1958,University Living,125833765.19765574,2018
1371,Pandorum Technologies,125833765.19765574,2018
1378,Parkwheels,125833765.19765574,2018
1383,PayMe India,125833765.19765574,2018
1398,Pentation Analytics,125833765.19765574,2018
1346,Ontrack Technologies Pvt. Ltd,125833765.19765574,2018
1404,PerkFinance,125833765.19765574,2018
1405,Perpule,125833765.19765574,2018
1406,Perspectico,125833765.19765574,2018
1409,PetSutra,125833765.19765574,2018
1947,Ummeed Housing Finance Private Limited,125833765.19765574,2018
1422,Picture TIme,125833765.19765574,2018
1938,UClean,125833765.19765574,2018
1427,PinkBlue,125833765.19765574,2018
1351,Ora,125833765.19765574,2018
1338,OneAssist,125833765.19765574,2018
2021,Vistara,125833765.19765574,2018
1307,Nutrisattva (Proliva),125833765.19765574,2018
2017,Virtual MetalStreet(MetalStreet),125833765.19765574,2018
2008,Verzeo,125833765.19765574,2018
1296,NoPaperForms Solutions Pvt. Ltd.,125833765.19765574,2018
2005,Verloop,125833765.19765574,2018
2004,Veritas Finance,125833765.19765574,2018
1994,Vebbler,125833765.19765574,2018
1299,Notesgen,125833765.19765574,2018
1305,Nua,125833765.19765574,2018
1988,Vahdam Teas,125833765.19765574,2018
513,Drstore,125833765.19765574,2018
1312,ONGO Framework,125833765.19765574,2018
1313,OPEN,125833765.19765574,2018
1315,ORO Wealth,125833765.19765574,2018
1983,VTION,125833765.19765574,2018
1977,UrbanPiper,125833765.19765574,2018
1974,UrbanClap,125833765.19765574,2018
1973,Urban Ladder,125833765.19765574,2018
1971,Upwards Fintech,125833765.19765574,2018
1334,Olly Smart Credit Card,125833765.19765574,2018
0,&ME,125833765.19765574,2018
480,DheeYantra Research Labs,125833765.19765574,2018
249,Bounce (Metro Bikes),125833765.19765574,2018
105,Arogya MedTech,125833765.19765574,2018
28,Aashiyaan Housing and Development Finance,125833765.19765574,2018
51,Agricxlab Private Limited,125833765.19765574,2018
424,CropIn Technologies,125833765.19765574,2018
27,Aarav Unmanned Systems,125833765.19765574,2018
246,Boodmo,125833765.19765574,2018
216,BizCrum Infotech Pvt. Ltd.,125833765.19765574,2018
467,Dee Dee Labs,125833765.19765574,2018
312,Cellerite Systems,125833765.19765574,2018
116,Asset Reconstruction Company (India) Ltd.,125833765.19765574,2018
23,APAC Financial Services,125833765.19765574,2018
471,Deftouch,125833765.19765574,2018
174,Be U Salons,125833765.19765574,2018
357,Cloudnine Hospitals,125833765.19765574,2018
491,DocPrime,125833765.19765574,2018
317,Chakr Innovation,125833765.19765574,2018
356,CloudSek,125833765.19765574,2018
93,AppWharf,125833765.19765574,2018
458,DataTrained,125833765.19765574,2018
428,Cube,125833765.19765574,2018
230,BlueJack,125833765.19765574,2018
350,Cleardekho,125833765.19765574,2018
29,Aavas Financiers,125833765.19765574,2018
245,Bonphul Air Products,125833765.19765574,2018
325,Chezuba,125833765.19765574,2018
296,Cardekho,125833765.19765574,2018
232,Blueleaf Cyberspace Systems,125833765.19765574,2018
161,BUGWORKS Research India,125833765.19765574,2018
301,Carmesi,125833765.19765574,2018
417,Credy,125833765.19765574,2018
300,Carmel Organics,125833765.19765574,2018
419,Cricnwin,125833765.19765574,2018
109,Articbot,125833765.19765574,2018
306,CashRich,125833765.19765574,2018
158,BIGPHI TECHNOLOGIES PVT. LTD.,125833765.19765574,2018
297,Career Anna,125833765.19765574,2018
414,Creditas Solutions,125833765.19765574,2018
165,Backpacker Panda Holidays Private Limited,125833765.19765574,2018
483,DigiConnectt Technologys,125833765.19765574,2018
38,Adiuvo Diagnostics,125833765.19765574,2018
48,AgNext Technologies,125833765.19765574,2018
36,Acko General Insurance,125833765.19765574,2018
295,Carcrew,125833765.19765574,2018
154,Azure Power,125833765.19765574,2018
164,BabyChakra,125833765.19765574,2018
244,Bon(Bonfleet Solutions),125833765.19765574,2018
368,Cogoport,125833765.19765574,2018
309,Cashkumar,125833765.19765574,2018
204,Billdesk,125833765.19765574,2018
323,Chariot Tech,125833765.19765574,2018
454,Dainik Jagran,125833765.19765574,2018
507,Drivezy,125833765.19765574,2018
349,ClearTax,125833765.19765574,2018
495,Doodhwala,125833765.19765574,2018
140,Aviom India Housing Finance,125833765.19765574,2018
391,Corefactors,125833765.19765574,2018
445,DRIVEU,125833765.19765574,2018
126,AuthMetrik,125833765.19765574,2018
136,Avenues Payments India Pvt. Ltd.,125833765.19765574,2018
269,BuyForexOnline,125833765.19765574,2018
192,BhaskarGuru,125833765.19765574,2018
382,Connect India,125833765.19765574,2018
508,DronaHQ,125833765.19765574,2018
376,CollPoll,125833765.19765574,2018
261,Buddy4Study.com,125833765.19765574,2018
185,BetterPlace Safety Solutions Pvt. Ltd.,125833765.19765574,2018
265,BuildSupply,125833765.19765574,2018
346,CleanseCar,125833765.19765574,2018
2,1Crowd,125833765.19765574,2018
442,Cyclops Medtech,125833765.19765574,2018
509,Droni Tech,125833765.19765574,2018
72,Ambee,125833765.19765574,2018
511,Droom Technology Private Limited,125833765.19765574,2018
345,Classworks India,125833765.19765574,2018
65,Aldopay,125833765.19765574,2018
338,CivilCops,125833765.19765574,2018
85,Antariksh Waste Ventures Pvt ltd,125833765.19765574,2018
500,Doxper,125833765.19765574,2018
180,Belstar Investment and Finance Private Limited,125833765.19765574,2018
181,Benepik,125833765.19765574,2018
16,9stacks,125833765.19765574,2018
453,Dailyhunt,125833765.19765574,2018
452,DailyNinja,125833765.19765574,2018
88,Any time Doctor,125833765.19765574,2018
372,CoinGeto,125833765.19765574,2018
278,CLP India Pvt. Ltd.,125833765.19765574,2018
143,Awaaz De,125833765.19765574,2018
333,Chtrbox,125833765.19765574,2018
330,Chizel,125833765.19765574,2018
303,Cash Suvidha,125833765.19765574,2018
375,Colive.in,125833765.19765574,2018
448,Daaki,125833765.19765574,2018
332,Chrysalis (EZ Vidya),125833765.19765574,2018
142,Avishkaar Box,125833765.19765574,2018
400,Creator’s Gurukul,125833765.19765574,2018
976,Jumbotail,125300000.0,10103
851,HighRadius,125000000.0,2020
2194,infra.market,125000000.0,2021
251,Box8,124000000.0,4039
444,DMI Group,123000000.0,2020
1939,Uable,120860249.91073933,6062
1458,Porter,118370000.0,4041
106,Arrival,118000000.0,2020
433,CureFit,115000000.0,2020
2169,boAt,106000000.0,4042
1699,Skylo,103000000.0,2020
1981,VMate,100000000.0,2019
2062,Wellness Forever,100000000.0,2020
1191,MindTickle,100000000.0,2020
135,Avataar Ventures,100000000.0,2021
7,3one4 Capital,100000000.0,2020
941,Inshorts,100000000.0,4042
2108,Xpressbees,100000000.0,2020
1989,Vakilsearch,95860249.91073933,4041
1536,Rapido,95000000.0,4042
946,Instoried,94860249.91073933,8082
113,Arzooo,93360249.91073933,4040
190,BharatAgri,92360249.91073933,4041
416,Credr,91860249.91073933,4039
1589,Rupifi,90960249.91073933,6062
1532,Rage Coffee,90860249.91073933,6062
1985,Vahak,90860249.91073933,4041
1340,OneCode,90860249.91073933,4041
937,Innoviti,90860249.91073933,4040
751,GetVantage,90860249.91073933,4040
1570,Riskcovry,90860249.91073933,4041
289,Capital Float,90800000.0,10102
403,CredAvenue,90000000.0,2021
2147,Zinier,90000000.0,2020
1347,Open Financial Technologies,90000000.0,2021
505,DrinkPrime,89739249.91073933,6061
1375,Pariksha,89660249.91073933,6062
1473,Prescinto,89360249.91073933,4041
794,Grip Invest,88860249.91073933,4041
1817,Swiflearn,88860249.91073933,4041
784,Gourmet Garden,88860249.91073933,4041
383,ConnectedH,88160249.91073933,4041
2080,Winuall,87860249.91073933,4040
2014,VilCart,87860249.91073933,4041
1867,The Money Club,87560249.91073933,4041
2144,Zimyo,87360249.91073933,4040
625,FanPlay,87060249.91073933,4041
1239,Myelin Foundry,86860249.91073933,4041
1875,The ePlane,86860249.91073933,4041
1402,Peppermint,86460249.91073933,4041
1250,NOTO,86360249.91073933,4041
1656,Settl,86360249.91073933,4041
1013,Kitchens Centre,86360249.91073933,4040
264,BuildPan,86360249.91073933,4040
1831,TagZ Foods,86360249.91073933,4041
1538,Rare Planet,86260249.91073933,4040
735,Gamerji,86260249.91073933,4040
1548,Recordent,86260249.91073933,4041
1059,Leap Club,86200249.91073933,4040
1263,Neobank Jupiter,86000000.0,2021
944,Instamojo,85860249.91073933,2020
1954,Univ.ai,85860249.91073933,2020
1953,Uniplatform Tech,85860249.91073933,2020
1957,Universal Sportsbiz Pvt Ltd,85860249.91073933,2020
1794,Suno India,85860249.91073933,2020
858,HomeCapital,85860249.91073933,2020
938,Inntot,85860249.91073933,2020
891,IPHM Services,85860249.91073933,2020
1754,Spyne,85860249.91073933,2020
1737,SpeakIn,85860249.91073933,2020
864,HooLiv,85860249.91073933,2020
79,Anaxee Digital Runner,85860249.91073933,2020
1577,RoomSoom,85860249.91073933,2020
1925,Trukky,85860249.91073933,2020
1722,Snack Amor,85860249.91073933,4041
1723,SnackAmor,85860249.91073933,2020
1752,Sprinng Foods,85860249.91073933,2020
1786,StyleNook,85860249.91073933,2020
873,Hudle,85860249.91073933,2020
1768,Stepathlon Lifestyle,85860249.91073933,2020
1724,Snackible,85860249.91073933,2020
906,IncubateHub,85860249.91073933,2020
875,Humus,85860249.91073933,2020
1732,Soxytoes,85860249.91073933,2020
1612,Sabse Sasta Dukaan,85860249.91073933,2020
1053,Lattu Kids,85860249.91073933,2020
1693,Skilancer,85860249.91073933,2020
1640,Savvy Co op,85860249.91073933,2020
954,Invento,85860249.91073933,2020
167,Bambrew,85860249.91073933,2020
1885,Timios,85860249.91073933,2020
1647,Seal Professional,85860249.91073933,2020
363,Codeninja,85860249.91073933,2020
1881,ThriveFNC,85860249.91073933,2020
1880,Thrive,85860249.91073933,2020
364,Codeyoung,85860249.91073933,2020
810,Habbit Health,85860249.91073933,2020
145,Awign,85860249.91073933,2020
409,Credgencies,85860249.91073933,2020
1836,Tango Eye,85860249.91073933,2020
981,KIKO TV,85860249.91073933,4041
827,Harmonizer India,85860249.91073933,2020
826,Harappa Education,85860249.91073933,2020
1854,Tesco Charge Zone,85860249.91073933,2020
1665,Shilpa Sciences,85860249.91073933,2020
111,Artivatic.ai,85860249.91073933,2020
343,ClassMonitor,85860249.91073933,2020
425,CrowdPouch,85860249.91073933,2020
1886,Tinker Coders,85860249.91073933,2020
1631,Sascan Meditech pvt ltd,85860249.91073933,2020
795,GroCurv,85860249.91073933,2020
1593,Rusk Media,85860249.91073933,2020
119,Astrogate Labs,85860249.91073933,2020
1047,LAVAL,85860249.91073933,2020
777,GogoBus,85860249.91073933,2020
1609,SaScan,85860249.91073933,2020
159,BLive,85860249.91073933,2020
1028,KopyKitab,85860249.91073933,2020
1906,Traya,85860249.91073933,2020
1025,Konfinity,85860249.91073933,2020
1897,Toppeq,85860249.91073933,2020
786,Gram Cover,85860249.91073933,2020
1620,Samadhan,85860249.91073933,2020
1621,Samosa Party,85860249.91073933,2020
1702,Sleepy Owl,85860249.91073933,2020
790,Green Cure,85860249.91073933,4041
1819,Swipez,85860249.91073933,2020
1890,Toddle,85860249.91073933,2020
1827,TUBBR,85860249.91073933,2020
115,AsknBid,85860249.91073933,2020
1080,LetsUp,85860249.91073933,2020
378,CollegeKhabri,85860249.91073933,2020
740,Generic Aadhaar,85860249.91073933,2020
76,AnalytIQSports's SuperCric,85860249.91073933,2020
1382,PayMart,85860249.91073933,2020
1306,Nupay,85860249.91073933,2020
1234,MyKaam,85860249.91073933,2020
1407,Pesto,85860249.91073933,2020
1221,Morning Context,85860249.91073933,2020
236,Bold Care,85860249.91073933,2020
1415,PhoneParLoan,85860249.91073933,2020
43,Aerostrovilos,85860249.91073933,2020
44,Aesthetic Nutrition,85860249.91073933,2020
45,Aether Biomedical,85860249.91073933,2020
1203,MobiGarage,85860249.91073933,2020
631,FarmERP,85860249.91073933,2020
1200,Mitron TV,85860249.91073933,2020
590,Evage,85860249.91073933,2020
2065,Wellversed,85860249.91073933,2020
226,Blowhorn,85860249.91073933,2020
1195,MinionLabs,85860249.91073933,2020
1324,Oda Class,85860249.91073933,2020
1445,Plop,85860249.91073933,2020
2053,WeInnovate Biosolutions,85860249.91073933,2020
645,Finaureus Technologies,85860249.91073933,2020
647,Finelistings,85860249.91073933,2020
1182,Metvy,85860249.91073933,2020
1178,MetaMerphoSys,85860249.91073933,2020
1453,PointOne Capital,85860249.91073933,2020
651,Finn,85860249.91073933,2020
1244,NEETprep,85860249.91073933,2020
2132,Zealthy,85860249.91073933,2020
2046,Walrus,85860249.91073933,2020
556,ElecTorq,85860249.91073933,2020
1328,Oga Fit,85860249.91073933,2020
2186,iKure,85860249.91073933,2020
1329,Oga Fit's,85860249.91073933,2020
541,Eden Smart Homes,85860249.91073933,2020
542,Edhusk,85860249.91073933,2020
1291,Nium,85860249.91073933,2020
2180,goStops,85860249.91073933,2020
504,Driftly Electric,85860249.91073933,2020
1335,Omatra Hotels,85860249.91073933,2020
1336,Omnify,85860249.91073933,2020
1287,Nirmata,85860249.91073933,2020
1284,Nimesa,85860249.91073933,2020
280,CUSMAT,85860249.91073933,2020
26,Aagey,85860249.91073933,2020
281,CYFIRMA,85860249.91073933,2020
282,Callido Learning,85860249.91073933,2020
1276,Newsreach,85860249.91073933,2020
1273,News Reach,85860249.91073933,2020
284,CamCom,85860249.91073933,2020
531,EWar,85860249.91073933,2020
253,Brainwired,85860249.91073933,2020
1261,NeoDocs,85860249.91073933,6062
1365,PadCare Labs,85860249.91073933,2020
1368,PakkaProfile,85860249.91073933,2020
25,Aadhar,85860249.91073933,2020
1251,NWNT (No Worry No Tension Healthcare),85860249.91073933,2020
268,Burgerama,85860249.91073933,2020
1187,MikeLegal,85860249.91073933,2020
533,Earth Energy EV,85860249.91073933,2020
2212,uFony Services Pvt ltd,85860249.91073933,2020
1086,LightSpeedAI,85860249.91073933,2020
1322,Obviously AI,85860249.91073933,2020
1482,Probus Smart Things,85860249.91073933,2020
1489,Prolixr,85860249.91073933,2020
1979,UzhavarBumi,85860249.91073933,2020
1543,ReNEWate,85860249.91073933,2020
1103,Locale ai,85860249.91073933,2020
459,DaveAI,85860249.91073933,2020
1493,Protinus Fashion Networking Pvt Ltd,85860249.91073933,2020
2013,Vieroots,85860249.91073933,2020
705,FreshToHome,85860249.91073933,2020
2011,Vicara,85860249.91073933,2020
469,DeepTek,85860249.91073933,2020
1143,MasterG,85860249.91073933,2020
456,DatStop,85860249.91073933,2020
1499,PurohitJi,85860249.91073933,2020
1508,Qin1,85860249.91073933,4041
62,Aker Foods,85860249.91073933,2020
1761,Stack Finance,85860249.91073933,2020
327,Chiratae Ventures,85860249.91073933,2020
730,GabbarDeals,85860249.91073933,2020
2016,Virtual Forest,85860249.91073933,2020
56,Ahaguru,85860249.91073933,2020
1308,Nutrova,85860249.91073933,2020
440,Customfit ai,85860249.91073933,2020
2040,WYN Studio,85860249.91073933,2020
52,Agrix,85860249.91073933,2020
53,Agro2o,85860249.91073933,2020
2035,WE-Hub,85860249.91073933,2020
663,Fitphilia,85860249.91073933,2020
2033,Voosh,85860249.91073933,2020
1962,Unocoin,85860249.91073933,2020
1468,Precily,85860249.91073933,2020
2030,Voicezen,85860249.91073933,2020
711,Friyey,85860249.91073933,2020
69,AlphaVector,85860249.91073933,2020
673,Fleeca India,85860249.91073933,2020
211,Biomoneta,85860249.91073933,2020
1161,Medfin,85860249.91073933,2020
71,Altor,85860249.91073933,2020
1311,OM Bhakti,85860249.91073933,2020
463,Dealberg,85860249.91073933,2020
344,Classplus,85700000.0,8081
2078,WinZO,83000000.0,4041
967,JetSynthesys,82000000.0,6061
859,HomeLane,81000000.0,6060
1779,Stride Ventures,80000000.0,2020
1920,True Balance,79943500.0,8082
1060,Leap Finance,77500000.0,6062
1339,OneCard,76000000.0,2021
1454,Policybazaar,75000000.0,2021
1941,Udacity,75000000.0,2020
1933,Turtlemint,75000000.0,4041
347,Clear,75000000.0,2021
1389,Peak,75000000.0,2021
1205,Mobile Premier League,74000000.0,2020
1216,MoneyTap,70185200.0,2020
209,Biocon Biologics,70000000.0,2021
1401,Pepperfry,70000000.0,4041
1952,Uni Cards,70000000.0,2021
54,AgroStar,70000000.0,2021
1791,SugarBox,68525000.0,2020
219,BlackBuck,67000000.0,2021
1298,Northern Arc,65000000.0,6063
910,India Quotient,64000000.0,2021
2156,Zorro,64000000.0,4042
1121,MFine,64000000.0,4042
196,Big Basket,63500000.0,4040
2151,Zolostays,63000000.0,4039
681,Flipkart,62000000.0,2020
1666,Shiprocket,61500000.0,6061
1233,MyGlamm,61000000.0,6062
377,CollegeDekho,61000000.0,4042
1660,Shadowfax,60000000.0,2019
1297,Nobel Hygiene,60000000.0,2021
517,Duroflex,60000000.0,2021
980,Juspay,60000000.0,2021
18,ACKO,60000000.0,2020
451,DailyHunt,59600000.0,4040
291,Captain Fresh,57300000.0,8083
539,Ecom Express,56000000.0,4040
1048,LEAD School,56000000.0,4040
2152,Zolve,55000000.0,4042
652,Finova Capital,55000000.0,2020
2028,Vogo,55000000.0,4040
1155,MedGenome,55000000.0,2020
321,Chargebee,55000000.0,2020
1559,RenewBuy,55000000.0,4042
1202,MoEngage,55000000.0,4041
1320,Observe ai,54000000.0,2020
2196,ixigo,53000000.0,2021
1600,SK Finance,53000000.0,2021
729,Gaana,51000000.0,2020
1107,Locus,50000000.0,2021
13,8i Ventures,50000000.0,2021
393,Country Delight,50000000.0,4040
926,Info Edge Venture,50000000.0,2020
1301,Nova Credit,50000000.0,2020
641,Fi,50000000.0,2021
1171,Mensa Brands,50000000.0,2021
1419,PiBeam,50000000.0,2019
1552,Rein Games,50000000.0,2019
624,FanCode,50000000.0,2021
1608,SUN Mobility,50000000.0,2021
1613,Safex Chemicals,50000000.0,2021
699,Fraazo,50000000.0,2021
821,HappyEasyGo,49400000.0,2019
1713,Smart Joules,49000000.0,2021
1344,Onsitego,49000000.0,4040
1265,NephroPlus,48000000.0,4042
2160,Zupee,48000000.0,6062
318,Chalo,47000000.0,4042
120,Ather Energy,46241000.0,4040
1162,MediBuddy,46000000.0,6063
1655,Servify,45990000.0,8080
915,Indifi,45000000.0,4042
1169,Melorra,44590000.0,6061
427,Cub McPaws,44130301.3,4039
1690,SirionLabs,44000000.0,2020
978,Jupiter,44000000.0,2021
688,FlytBase,43330301.3,2019
46,Afinoz,43330301.3,2019
446,DROR Labs Pvt. Ltd,43330301.3,2019
207,Binca Games,43330301.3,2019
650,Finly,43330301.3,2019
153,Azah Personal Care Pvt. Ltd.,43330301.3,2019
1348,Open Secret,43330301.3,2019
1497,Pumpkart,43330301.3,2019
430,Cubical Labs,43330301.3,2019
293,CarTrade,42500000.0,2020
1571,Rivigo,42400000.0,6059
1967,UpScalio,42000000.0,2021
684,FloBiz,41000000.0,4042
133,Avanti Finance,41000000.0,4042
597,Exotel,40000000.0,4041
1682,Simpl,40000000.0,2021
201,Bijnis,40000000.0,6062
1856,Tessolve,40000000.0,2021
1061,Leap India,40000000.0,4041
1258,Nazara Technologies,40000000.0,4042
160,BOX8,40000000.0,2021
234,Blume Ventures,40000000.0,2021
80,Ankur capital,40000000.0,2021
431,CueMath,40000000.0,2020
1110,LogiNext,39000000.0,2020
622,Fampay,38000000.0,2021
2051,Waycool,37500000.0,4040
833,Heads Up For Tails,37000000.0,2021
1188,Miko,37000000.0,6062
1376,Park+,36000000.0,4041
723,G.O.A.T,36000000.0,2021
307,Cashfree,35000000.0,4041
1118,M2P Fintech,35000000.0,2021
498,DotPe,35000000.0,4042
121,Ati Motors,35000000.0,2021
410,Credgenics,34300000.0,8081
326,Chingari,34300000.0,8082
1026,Koo,34100000.0,4042
630,FarMart,34000000.0,4042
962,Jai Kisan,33937000.0,4041
1466,Pravasirojgar,33000000.0,2020
336,CityMall,33000000.0,4042
583,Ess Kay Fincorp,33000000.0,2019
2066,Whatfix,32000000.0,2020
1996,Vedic Cosmeceuticals,32000000.0,2021
1563,ReshaMandi,31700000.0,4042
1487,Progcap,31000000.0,4042
1166,Medlife,31000000.0,4039
1795,Sunstone Eduversity,31000000.0,4041
1085,LifeCell,30000000.0,2021
1623,Samunnati,30000000.0,4041
81,Annapurna Finance,30000000.0,2021
94,ApplicateAI,30000000.0,2021
1057,Lead School,30000000.0,2021
1494,Public,30000000.0,2020
2020,Vistaar Finance,30000000.0,2020
1595,SATYA MicroCapital,30000000.0,4042
1601,SMEcorner,30000000.0,2020
1993,Vayana Network,30000000.0,2021
1413,Phenom People,30000000.0,2020
1285,Ninety One,30000000.0,2021
1770,Sterling Accuris Wellness,30000000.0,2021
1294,NoBroker,30000000.0,2020
402,CredAble,30000000.0,2021
1084,Lido Learning,28000000.0,8081
545,Eduisfun,28000000.0,2019
285,Camp K12,28000000.0,6062
1073,LendingKart,27439000.0,4040
1332,Ola Financial Services,27000000.0,2020
112,Arya,27000000.0,4040
1450,Pocket FM,27000000.0,4041
1776,Strata,26567328.0,6061
1321,Observe.AI,26000000.0,2019
1043,Kutumb,26000000.0,2021
2056,WeWork India,26000000.0,2021
436,Curefoods,26000000.0,4042
1031,KredX,26000000.0,2019
308,Cashify,25000000.0,4041
506,Drishti Technologies,25000000.0,2020
389,Coralogix,25000000.0,2020
408,Credenc,25000000.0,2021
2122,Your MD,25000000.0,2020
1895,Toothsi,25000000.0,4042
865,Hopscotch,25000000.0,2020
1758,Square Yards,25000000.0,2021
629,FarEye,24500000.0,2020
1015,Klub,24000000.0,6062
184,BetterPlace,24000000.0,2021
1222,Mosaic Wellness,24000000.0,2021
1946,Umeed Housing,23000000.0,2020
1697,Skit,23000000.0,2021
636,Fashinza,22600000.0,4042
1907,Treebo Hotels,22000000.0,4041
95,Appnomic,22000000.0,2019
1673,ShopUp,22000000.0,2020
717,Fullife Healthcare,22000000.0,2021
979,JusPay,21600000.0,2020
1999,Velocity,21300000.0,4042
2184,iBus,21000000.0,2021
47,AgNext,21000000.0,2021
1683,Simple Energy,21000000.0,2021
1123,MPowered,21000000.0,2020
212,Bira91,20764000.0,4040
90,Apna.co,20500000.0,4041
1554,Reliance Retail,20220000.0,4040
1446,Plum,20142000.0,8081
2117,Yellow Messenger,20000000.0,2020
948,InsuranceDekho,20000000.0,2020
1987,Vahdam,20000000.0,2021
768,GoKwik,20000000.0,4042
1551,Refyne,20000000.0,2021
811,Haber,20000000.0,2021
2091,Wonderchef,20000000.0,2021
423,CropIn,20000000.0,2021
610,FPL Technologies,20000000.0,4040
2100,Wow! Momo,20000000.0,4041
1249,NODWIN,20000000.0,2021
2187,iMerit,20000000.0,2020
37,Adda247,20000000.0,2021
2042,WakeFit,20000000.0,2020
188,Bewakoof,20000000.0,6063
1512,Quantiphi,20000000.0,2019
122,Atomberg,20000000.0,2021
523,ECOSTP,19000000.0,2020
170,BankBazaar,18767000.0,6060
1951,Uni,18500000.0,2020
1113,LoveLocal,18000000.0,2021
1743,SplashLearn,18000000.0,2021
999,Ketos,18000000.0,2020
1266,Nepra,18000000.0,2020
970,Jiffy ai,18000000.0,2020
1943,Ultrahuman,17500000.0,2021
712,FrontRow,17200000.0,4041
2079,Wingreens Farms,17000000.0,2021
515,Dukaan,17000000.0,4041
1439,PlayShifu,17000000.0,2021
1610,SaaS Labs,17000000.0,2021
1345,Onsurity,16000000.0,4042
1421,Pickrr,16000000.0,4041
1522,Qure ai,16000000.0,2020
294,Carbon Clean,16000000.0,2020
1998,Vegrow,15500000.0,4041
465,Decentro,15500000.0,2020
2138,Zest Money,15000000.0,2019
1992,Varthana,15000000.0,2020
1848,Techbooze,15000000.0,2020
1853,TenderCuts,15000000.0,2021
918,Industry Buying,15000000.0,2020
988,Karbon Card,15000000.0,8083
455,Darwinbox,15000000.0,2021
867,House of Kieraya,15000000.0,2021
132,Avanse Financial Services,15000000.0,2020
1262,NeoDove,15000000.0,2021
22,ANSR,15000000.0,2021
1633,Satin Creditcare,15000000.0,2020
903,InVideo,15000000.0,2020
1366,PagarBook,15000000.0,2020
395,Cover Genius,15000000.0,2020
208,Biocon,15000000.0,2020
114,Asirvad Microfinance,15000000.0,2021
59,Airmeet,15000000.0,4040
1131,Magenta EV,15000000.0,2021
183,Better Capital,15000000.0,2021
1074,Lendingkart,15000000.0,2021
6,3SC,15000000.0,2021
1117,M1xchange,14500000.0,4041
200,Bijak,14500000.0,4039
1112,Loop Health,14300000.0,4041
1658,Setu,14259000.0,2020
680,Flinto,14200000.0,4040
49,Agnikul,14148000.0,4041
2111,YAP,14050000.0,4041
97,AppsForBharat,14000000.0,4042
220,BlackSoil,14000000.0,4041
1533,RailYatri,13800000.0,2020
1411,Phable,13220000.0,6060
577,EpiFi,13200000.0,2020
1915,Trinkerr,13200000.0,4042
1213,Moms Co,13000000.0,4039
276,CHARGE+ZONE,13000000.0,4041
666,Fittr,13000000.0,4041
387,Convosight,13000000.0,4041
1691,Sirona Hygiene,13000000.0,4042
892,ITILITE,13000000.0,2020
371,CoinDCX,13000000.0,4040
564,Embibe,12618300.0,2020
580,Ergos,12598000.0,6061
1521,Quizizz,12500000.0,2021
1433,Pixxel,12300000.0,4041
886,IDfy,12110000.0,4041
889,INdwealth,12000000.0,2020
1561,Rentomojo,12000000.0,4041
799,GuardianLink,12000000.0,2021
202,Bikayi,12000000.0,4041
1319,OZiva,12000000.0,2021
1529,RIPPLR,12000000.0,2021
1590,Ruptok,12000000.0,6063
2128,Yummy Corp,12000000.0,2020
581,Eruditus,11943500.0,2020
1355,Otipy,11200000.0,4041
586,Euler Motors,11130000.0,8081
1889,Toch.ai,11000000.0,2021
611,FRAAZO,11000000.0,2021
1374,Paperfly,11000000.0,2021
1751,Springboard,11000000.0,2019
84,Antaios,11000000.0,2020
1799,SuperGaming,11000000.0,4042
331,Chqbook,11000000.0,6062
1912,Tricog,10500000.0,2020
193,Biconomy,10500000.0,4042
925,Inflexor Ventures,10000000.0,2020
1790,Sugar.fit,10000000.0,2021
1715,SmartCoin,10000000.0,2021
1630,SarvaGram,10000000.0,2021
2010,Vesta Space Technology,10000000.0,2020
1730,Soothe Healthcare,10000000.0,2021
2174,ePayLater,10000000.0,2021
1738,Speciale Invest,10000000.0,2021
1360,Oye! Rickshaw,10000000.0,2020
379,CometChat,10000000.0,2021
1300,Nova Benefits,10000000.0,2021
250,Boutique Spirit Brands,10000000.0,2021
1071,LenDenClub,10000000.0,2021
2107,XpressBees,10000000.0,2020
1838,TartanSense,10000000.0,4042
2131,Zaara Biotech,10000000.0,2021
305,CashKaro,10000000.0,2020
1711,Smart Express,10000000.0,2021
2009,VestSpace,10000000.0,2020
1194,Minimalist,10000000.0,2021
187,Betterplace,10000000.0,2020
1625,Sanctum Wealth,10000000.0,2021
1189,Milk Mantra,10000000.0,2020
179,Bella Vita Organic,10000000.0,2021
4,1MG,9900000.0,2020
1091,LivFin,9700000.0,4039
274,ByteLearn,9500000.0,2021
493,Docsapp,9500000.0,2020
1692,Skeps,9500000.0,2021
1646,Sea6 Energy,9000000.0,2021
1793,Sunday,9000000.0,2020
1464,Practically,9000000.0,4042
1105,Loco,9000000.0,2021
1135,Makers Hive,9000000.0,2021
1160,Meddo,9000000.0,4042
123,Atomberg Technologies,9000000.0,4041
1687,Sindhuja Microcredit,8700000.0,2020
1960,Unnati,8700000.0,4041
266,BulBul,8700000.0,2020
390,CoreStack,8500000.0,2020
155,BASIC Home Loan,8500000.0,4041
405,CredR,8500000.0,4041
1857,Testbook,8400000.0,2020
432,Cuemath,8388000.0,4039
1949,Unbox Robotics,8200000.0,4042
1986,Vahan,8000000.0,2021
1020,Kodo Card,8000000.0,2021
724,GENLEAP,8000000.0,2021
139,Aviom India,8000000.0,2021
846,Hevo,8000000.0,2020
243,Bombay Shirt Company,8000000.0,2019
1685,Simsim,8000000.0,2020
860,Homelane,8000000.0,2020
1618,Salesken,8000000.0,2020
497,Dot Pvt. Ltd,8000000.0,2020
575,Entropik,8000000.0,2020
2054,WeRize,8000000.0,2021
2200,mCaffeine,7900000.0,4040
2050,WayCool Foods,7800000.0,2020
1514,Questt,7750000.0,4042
1373,Paper Boat,7749500.0,4040
1000,Ketto,7700000.0,2020
1883,Tiliter,7500000.0,2020
263,Bugworks,7500000.0,2020
1046,Kyt,7500000.0,4041
2018,Visit Health,7500000.0,2021
1088,LimeChat,7500000.0,2021
1141,Masai School,7500000.0,4041
178,Beldara,7400000.0,2021
661,Fisdom,7000000.0,2020
2164,Zypp Electric,7000000.0,2021
337,Cityflo,7000000.0,2020
134,Avataa Me,7000000.0,2020
1902,TranZact,7000000.0,2021
2092,Wondrlab,7000000.0,2021
787,GramCover,7000000.0,2021
355,CloudSEK,7000000.0,2021
494,Dogsee Chew,7000000.0,2021
1111,Lohum,7000000.0,2021
861,Homeville,7000000.0,2021
3,1K Kirana Bazaar,7000000.0,2021
227,BluSmart,7000000.0,2020
479,Dezerv.,7000000.0,2021
172,Battery Smart,7000000.0,4042
1918,Troo Good,7000000.0,2021
1710,Smart Coin,7000000.0,2020
63,Akna Medical,7000000.0,2020
415,CredoLab,7000000.0,2020
974,Juicy Chemistry,6950000.0,4041
1156,MedLife,6800000.0,2020
1481,Probus Insurance,6700000.0,2021
829,Hashnode,6700000.0,2021
41,Advantage Club,6700000.0,6063
716,Fullife,6609000.0,2020
501,Dozee,6600000.0,4041
612,FRND,6500000.0,2021
254,Breathe Well-being,6500000.0,4042
359,Clover,6420000.0,4040
151,Ayu Health,6300000.0,2021
241,Bombay Shaving,6300000.0,2019
1192,Mindhouse,6286000.0,4041
1129,MYSUN,6257000.0,4041
1560,Rentmojo,6206000.0,4040
77,Anar,6200000.0,2021
1038,Kristal AI,6000000.0,2020
1649,SecureNow,6000000.0,2021
1006,Kinara Capital,6000000.0,2021
1614,Safexpay,6000000.0,2021
676,FlexiLoans,6000000.0,2020
540,Ecozen,6000000.0,2019
1644,Scentials,6000000.0,2021
793,Grinntech,6000000.0,6061
1624,Samya AI,6000000.0,2020
1775,Storia,6000000.0,2021
1223,Multi Living,6000000.0,2020
1874,The Whole Truth,6000000.0,2021
1668,Shipsy,6000000.0,2020
2095,WorkIndia,6000000.0,2020
412,Credit Wise Capital,6000000.0,2020
1547,Recko,6000000.0,2020
447,DaMENSCH,6000000.0,2020
2082,WishADish,6000000.0,2019
1694,Skillmatics,6000000.0,2021
835,Healofy,6000000.0,2021
1310,O4S,6000000.0,2021
2115,Yellow Class,6000000.0,2021
750,Get My Parking,6000000.0,2021
1128,MYRE Capital,6000000.0,2021
1721,Smytten,6000000.0,2021
1303,Nu Genes,6000000.0,2019
15,91springboard,5940000.0,2020
2114,Yap,5902000.0,4040
1534,Railofy,5900000.0,4040
950,Intello Labs,5900000.0,2020
2015,Virohan,5800000.0,6062
685,FloCareer,5700000.0,2021
1707,Slintel,5700000.0,4039
601,Exprs,5660000.0,2020
1277,Newton School,5650000.0,4041
1386,Paytm money,5600000.0,2020
2162,Zvesta,5500000.0,2020
2199,m.Paani,5500000.0,2019
1139,MarketWolf,5500000.0,2021
1041,Kuku FM,5500000.0,2020
1672,ShopSe,5500000.0,2021
472,Defy,5500000.0,2021
2075,Wiggles.in,5500000.0,2021
1892,Toffee Insurance,5500000.0,2019
522,E42,5400000.0,2021
257,Brighteye Ventures,5400000.0,2020
514,Drum Food,5305000.0,2020
913,Indian School Finance Company,5271000.0,2020
1199,Mitron,5267000.0,4040
934,InnerHour,5200000.0,2021
148,Axio Biosolutions,5200000.0,2020
144,Awifs,5200000.0,2020
1463,Powerplay,5200000.0,2021
58,Airblack,5200000.0,2021
365,CodingNinjas,5200000.0,2020
1689,Siply,5200000.0,6063
924,Infinite Uptime,5100000.0,2020
911,IndiaLends,5100000.0,2021
2007,Vernacular ai,5100000.0,2020
1370,Pandorum,5060000.0,2020
2049,WayCool,5060000.0,2020
551,EkAnek,5040000.0,2020
1756,SquadStack,5000000.0,2020
1524,R for Rabbit,5000000.0,2021
5,21K School,5000000.0,2021
2102,Wysa,5000000.0,4042
2034,Voxelgrids,5000000.0,2021
1924,Truemeds,5000000.0,2021
1772,StockGro,5000000.0,2021
2006,Verloop.io,5000000.0,2020
2146,Zingbus,5000000.0,4042
1652,SenseHawk,5000000.0,2020
1877,TheHouseMonk,5000000.0,2021
1882,Tickertape,5000000.0,2021
14,90+ My Tuition App,5000000.0,2021
1362,Oziva,5000000.0,2020
175,BeatO,5000000.0,2021
1617,SalaryFits,5000000.0,2019
1444,Plix,5000000.0,2021
2148,ZipLoan,5000000.0,4040
1789,SucSEED Indovation,5000000.0,2020
1363,Ozonetel,5000000.0,2021
599,Exponent Energy,5000000.0,2021
893,IVF Access,5000000.0,2020
562,Elucidata,5000000.0,2021
1089,Lio,5000000.0,2021
1253,Nalanda Learning,5000000.0,2021
1097,Livve Homes,5000000.0,2021
591,Even,5000000.0,2021
1201,MoEVing,5000000.0,2021
986,Kale Logistics,5000000.0,2021
657,Fireflies .ai,5000000.0,2019
385,ConveGenius,5000000.0,2021
917,Indusface,5000000.0,2020
1159,MedTel Healthcare,5000000.0,2021
780,Good Health Clinic,5000000.0,2021
1381,PayGlocal,4900000.0,2021
677,Flexmoney,4800000.0,2021
621,FamPay,4700000.0,2020
1207,Mobileware Technologies,4700000.0,2021
552,Eka.care,4500000.0,2021
1760,Stack,4500000.0,2021
965,Jar,4500000.0,2021
847,HexaHealth,4500000.0,2021
1410,Petpooja,4500000.0,2021
792,Greenjoules,4500000.0,2021
407,Credable,4500000.0,2020
339,Clair,4500000.0,2020
675,Fleetx,4402400.0,4040
1240,Myglamm,4327000.0,2020
397,Craftsvilla,4309000.0,4040
736,Gamezop,4300000.0,2020
1922,TrueFan,4300000.0,2020
1720,Smartstaff,4300000.0,2021
64,Akudo,4200000.0,4042
1400,Pepper Content,4200000.0,2020
99,Aquaconnect,4000000.0,2021
358,Cloudphysician,4000000.0,2021
1616,SalaryBox,4000000.0,2021
1746,Sporjo,4000000.0,4042
1093,LivQuik Technology,4000000.0,2021
353,Clinikk,4000000.0,2021
1179,Metadome,4000000.0,2021
1980,VLCC Health Care,4000000.0,2021
1049,LIVSPACE,4000000.0,2020
746,Genius Teacher,4000000.0,4040
348,ClearDekho,4000000.0,2021
588,Eupheus,4000000.0,2021
360,Clovia,4000000.0,2020
1528,REVOS,4000000.0,2021
1106,Locobuzz,4000000.0,2021
1814,Svasti Microfinance,4000000.0,2021
2063,Wellthy Therapeutics,4000000.0,2020
2055,WeSkill,4000000.0,2021
2104,XYXX Apparels,4000000.0,2021
884,I am Love,4000000.0,2021
1727,SoOLEGAL,4000000.0,2020
2190,iNurture Education,4000000.0,2020
536,Easebuzz,4000000.0,2021
1639,Saveo,4000000.0,2021
1803,SuperZop,4000000.0,2021
1820,Synapsica,4000000.0,2021
2133,Zebu,4000000.0,2019
1414,Phi Commerce,4000000.0,2021
905,IncNut Digital,4000000.0,2020
984,Kaar Technologies,4000000.0,2021
1565,Revfin,4000000.0,2021
1267,Nestasia,4000000.0,2021
2126,Yulu,3964000.0,2020
1483,Procol,3823000.0,2020
755,Gigforce,3804000.0,4041
1140,Marquee Equity,3800000.0,2021
2119,Yojak,3800000.0,2021
1704,SleepyCat,3800000.0,2021
1804,Superplum,3800000.0,2021
256,Brick&Bolt,3700000.0,4040
1523,Qyuki,3500000.0,2020
649,Fingpay,3500000.0,2020
1519,Quintype,3500000.0,2020
2087,Wiz Freight,3500000.0,2021
1082,Leverage Edu,3500000.0,6062
92,Apnaklub,3500000.0,2021
1910,Tribe Theory,3500000.0,2020
1288,Niro,3500000.0,2021
828,Hash,3500000.0,2021
1388,Pazcare,3500000.0,2021
1714,SmartClean,3400000.0,2020
813,HaikuJAM,3400000.0,2020
267,Bulk MRO,3344000.0,2020
1807,Supertails,3300000.0,4042
2121,YoloBus,3300000.0,2020
1372,Pankhuri,3200000.0,2021
2193,inFeedo,3200000.0,2020
574,Entri,3100000.0,4040
1739,Specsmaker,3060000.0,2020
664,Fitterfly,3000000.0,2021
1486,ProfitWheel,3000000.0,2021
206,Bimaplan,3000000.0,4042
882,Hypto,3000000.0,2021
1148,MaxWholesale,3000000.0,2020
1317,OWO Technologies,3000000.0,2021
1731,Sourcewiz,3000000.0,2021
2022,Vital,3000000.0,2021
644,Financepeer,3000000.0,2020
2057,Wealth Bucket,3000000.0,2020
1740,Specsmakers,3000000.0,2020
1753,Spry,3000000.0,4042
42,Aerchain,3000000.0,2021
40,AdonMo,3000000.0,2020
2023,VitalTech,3000000.0,2020
678,Flick Stree,3000000.0,2020
857,Holisol,3000000.0,2021
1010,Kisan Network,3000000.0,2020
757,Glamyo Health,3000000.0,2021
443,DGV,3000000.0,2021
1604,SP Robotic Works,3000000.0,2021
1982,VRO Hospitality,3000000.0,2021
1605,SSA Finserv,3000000.0,2021
726,GPS Renewables,3000000.0,2020
1911,Trica,3000000.0,2021
1997,Veefin,3000000.0,2021
418,Crejo.Fun,3000000.0,2021
1802,SuperOps.ai,3000000.0,2021
334,Circle of Angels,3000000.0,2020
832,Headfone,3000000.0,2021
1834,Tamasha,3000000.0,2021
1116,Lysto,3000000.0,2021
1823,TABLT,3000000.0,2021
186,Betterhalf.ai,3000000.0,2021
1698,Skylark Drones,3000000.0,2021
1805,Superpro.ai,3000000.0,2021
177,BeepKart,3000000.0,2021
262,Bueno Finance,3000000.0,2021
1260,Neeman,3000000.0,4041
1394,Peel-Works,3000000.0,2020
288,Candes,3000000.0,2021
1392,Pee Safe,3000000.0,2021
221,BlackSoil NBFC,3000000.0,2021
496,Doola,3000000.0,2021
557,ElectricPe,3000000.0,2021
555,Elda Health,3000000.0,4042
12,88academics,3000000.0,2021
585,Etrio,3000000.0,2020
1359,Oye Rickshaw,3000000.0,2021
1226,Muse Wearables,3000000.0,2020
1440,PlayerzPot,3000000.0,2020
1217,Moneyboxx,3000000.0,2021
1333,Oliveboard,3000000.0,2021
775,Gobillion,2900000.0,2021
850,High Street Essentials,2743000.0,2020
406,CredRight,2700000.0,2021
1622,Samosa Singh,2700000.0,2020
103,Arcana,2670000.0,4042
194,Biddano,2600000.0,4041
571,Enmovil,2600000.0,4042
628,Fantasy Akhada,2600000.0,4042
654,Fintso,2600000.0,2020
578,Epigamia,2558000.0,2020
781,GoodGamer,2500000.0,2020
1586,Rulezero,2500000.0,2021
1942,Udayy,2500000.0,2021
1896,Toplyne,2500000.0,2021
992,Karnival,2500000.0,2021
1828,TWID,2500000.0,2021
240,Bombay Play,2500000.0,4040
956,Invideo,2500000.0,2020
370,Coin DCX,2500000.0,2020
374,Coinshift,2500000.0,2021
697,Fox Capital,2500000.0,2020
61,AjnaLens,2500000.0,4040
1,1Bridge,2500000.0,2021
482,Digantara,2500000.0,2021
2090,Wobot Intelligence,2500000.0,2020
561,Eloelo,2450000.0,4041
1417,Phononic Vibes,2300000.0,2020
304,CashBook,2300000.0,2021
713,Frontier Markets,2250000.0,2020
1337,Onato,2200000.0,2021
298,CareerLabs,2200000.0,2021
21,ANS Commerce,2200000.0,2021
1149,Maya,2200000.0,2021
1904,TravClan,2200000.0,2021
919,IndyFint,2100000.0,2019
1295,NoBroker.com,2100000.0,2021
182,BestDoc,2100000.0,2020
1626,Sanfe,2100000.0,4041
195,Big Bang Boom Solutions,2050000.0,4040
615,FabHotels,2030000.0,4040
1098,LoadShare,2004000.0,2020
1408,PetPooja,2000000.0,2020
620,Factors.AI,2000000.0,2021
239,Bombay Hemp Company,2000000.0,2021
341,Clairvolex,2000000.0,2020
727,GTM Buddy,2000000.0,2021
1849,TechnifyBiz,2000000.0,2020
2103,Wysh,2000000.0,2020
2052,We Founder Circle,2000000.0,2021
2081,Winzo,2000000.0,2020
189,BeyondSkool,2000000.0,2021
214,BitClass,2000000.0,2020
74,Amica,2000000.0,2020
1180,Method & Madness,2000000.0,2021
9,4baseCare,2000000.0,2021
224,BlissClub,2000000.0,2021
1873,The Viral Fever,2000000.0,2021
1008,Kirana247,2000000.0,4042
761,GlobalFair,2000000.0,2021
1926,TrulyMadly,2000000.0,2021
764,Go Swift,2000000.0,2021
608,FITTR,2000000.0,2020
1042,Kutuki,2000000.0,2021
604,EyeMyEye,2000000.0,2021
1580,Routematic,2000000.0,2020
748,Genworks Health,2000000.0,2021
1607,SUGAR cosmetics,2000000.0,2020
744,Geniemode,2000000.0,2021
559,Elevar,2000000.0,2021
1029,Kratikal,2000000.0,4038
1963,Unotech,2000000.0,2020
1965,Uolo,2000000.0,2020
722,FypMoney,2000000.0,2021
796,GrowFix,2000000.0,2021
1254,Nao Spirits & Beverages Pvt Ltd,2000000.0,2021
1567,Rheo,2000000.0,2020
845,Hesa,2000000.0,2021
197,BigHaat,2000000.0,2020
147,Awon GameZ,2000000.0,2021
1591,Ruptok Fintech,2000000.0,2021
1515,QuickSell,2000000.0,2021
945,Instasolv,2000000.0,2020
856,Hoi Foods,2000000.0,2020
31,Able Jobs,2000000.0,2020
229,Blue Tokai Coffee Roasters,2000000.0,2021
2191,ideaForge,2000000.0,2021
1134,Mailmodo,2000000.0,2021
399,CreatorStack,2000000.0,2021
125,Auric,2000000.0,2021
57,Aibono,2000000.0,2020
613,Faarms,2000000.0,2021
1774,Stones2milestones,2000000.0,2020
2036,WESS,2000000.0,2021
1197,Mintoak,2000000.0,2020
1765,StayQrious,2000000.0,2020
2197,kWh Bikes,2000000.0,2021
1708,Slurrp Farm,2000000.0,2020
682,Flipspaces,2000000.0,2021
1278,Nexprt,2000000.0,2021
199,BigSpoon Foods,2000000.0,2020
2178,goEgoNetwork,2000000.0,2021
30,Aavenir,2000000.0,2020
1485,Proeon,2000000.0,2021
1353,Origa,2000000.0,2020
404,CredFlow,2000000.0,2021
546,Edukemy,2000000.0,2021
1449,Pocket Aces,2000000.0,2021
24,ASQI Advisors,2000000.0,4042
1115,Lumiq,2000000.0,2021
369,Cogos Technologies,2000000.0,2021
695,Fountain9,1900000.0,2021
2134,Zenduty,1900000.0,2021
1424,Piggy Ride,1862000.0,2020
648,Fingerlix,1834000.0,2020
1684,SimpliContract,1800000.0,2021
2047,Wasabi,1800000.0,2021
1984,Vah Vah!,1800000.0,2021
441,Cuvette Tech,1800000.0,2021
1275,NewsReach,1800000.0,4041
1350,Optimized Electrotech,1800000.0,2021
1023,KoineArth,1800000.0,2021
2031,Voiro,1800000.0,2021
2088,WizKlub,1782530.0,4041
366,Codingal,1760000.0,6062
1451,Pocket52,1750000.0,2020
2177,goDutch,1700000.0,2020
1076,Let's Dive,1700000.0,2020
998,Kenko Health,1700000.0,2021
782,Goodmeetings,1700000.0,2021
1504,QTalk,1600000.0,2020
996,Keka HR,1600000.0,2021
977,Junio,1600000.0,4042
804,Gumlet,1600000.0,2021
1816,Swajal,1600000.0,2021
1437,Planys,1600000.0,2021
1932,Turnip,1600000.0,2021
1292,Nivesh,1600000.0,2021
1679,SignalX,1550000.0,4040
931,InnAccel,1500000.0,2020
1712,Smart Institute,1500000.0,2019
899,ImaginXP,1500000.0,2021
490,Do Your Thng,1500000.0,2021
1562,Rephrase.ai,1500000.0,2020
1970,UptimeAI,1500000.0,2021
87,Anvidha Technologies,1500000.0,2021
1651,Seekify,1500000.0,2019
1763,Stanplus,1500000.0,2020
1851,Tekie,1500000.0,2021
287,Cancer Clinics,1500000.0,2021
990,Karkhana.io,1500000.0,2021
1225,Murf.ai,1500000.0,2021
1096,Livve,1500000.0,2020
1837,TapChief,1500000.0,2019
1185,Mihup,1500000.0,2020
1385,Paytail,1500000.0,2021
923,Infilect,1500000.0,2020
2105,Xpand,1500000.0,2021
1527,RENEE Cosmetics,1500000.0,2021
966,Jeevam Health,1500000.0,2021
34,AcknoLedger,1500000.0,2021
1144,MasterMentors,1500000.0,2021
1470,PredictiVu,1500000.0,2021
973,Josh Talks,1500000.0,2020
997,Ken42,1470000.0,2020
947,Insurance Samadhan,1450000.0,4042
1674,ShopX,1410000.0,2020
426,Crysta,1403400.0,2020
1418,Phool.co,1400000.0,4041
1840,Taskmo,1400000.0,2021
486,DillyHub,1400000.0,2020
783,Goodmylk,1400000.0,4041
1888,Toch,1400000.0,4040
1964,Unremot,1400000.0,4042
774,Gobbly,1400000.0,4041
1236,MyMobiForce,1400000.0,2021
1496,PumPumPum,1353000.0,8082
2189,iNurture,1340000.0,2020
302,Cars24,1328000.0,2020
1018,Knorish,1323000.0,4041
1788,SucSEED,1300000.0,2020
203,Bikry app,1300000.0,2021
1397,Penny,1300000.0,2020
985,Kafqa Academy,1300000.0,2021
2116,Yellow Classes,1300000.0,2020
881,Hyperface,1300000.0,2021
2137,Zerone,1300000.0,2021
259,Brinton,1300000.0,2020
633,Farmers Fresh Zone,1270000.0,4041
2157,Zotalabs,1250000.0,2021
1035,Krimanshi,1220000.0,6060
1809,SupplyNote,1200000.0,2021
68,Alpha Coach,1200000.0,2021
964,Janani,1200000.0,4041
2120,Yolo,1200000.0,4040
1490,PropReturns,1200000.0,2021
802,Gully Network,1200000.0,2020
489,Dista,1200000.0,2021
10,5C Network,1200000.0,2020
228,Blue Sky Analytics,1200000.0,2020
535,Earth Rhythm,1200000.0,2021
1157,MedPay,1200000.0,2021
1467,Prayaan Capital,1200000.0,2020
258,Brila 91,1200000.0,2020
1762,StackBOX,1200000.0,2021
247,BookingJini,1200000.0,2021
2204,moneyHOP,1200000.0,2021
1969,Upside AI,1200000.0,2021
1100,LoanKuber,1200000.0,2021
707,Freshokartz,1150000.0,4039
548,Edvizo,1150000.0,4041
963,Jambox Games,1100000.0,2021
1826,TREAD,1100000.0,2020
519,DusMinute,1100000.0,2021
1051,Lal10,1100000.0,2020
1955,Univariety,1100000.0,2020
1865,The Indus Valley,1100000.0,2021
277,CHUPPS,1100000.0,2021
8,4Fin,1100000.0,2021
2161,Zuper,1100000.0,2020
107,Arth Designbuild,1100000.0,2020
582,EsportsXO,1100000.0,2021
1506,Qapita,1080000.0,2020
316,Chai Waale,1070000.0,6061
1719,SmarterBiz,1065000.0,2020
2183,i3 Systems,1050000.0,2020
437,CuriousJr,1000000.0,2021
2203,moEVing,1000000.0,2021
824,Hapramp,1000000.0,2020
1879,Thingsup,1000000.0,2021
75,AnKa SumMor,1000000.0,2021
789,GrayQuest,1000000.0,2020
101,Arata,1000000.0,2020
392,Countingwell,1000000.0,2020
1864,The Hosteller,1000000.0,2021
1759,Sreyas Holistic Remedies,1000000.0,2020
108,Arthya Wealth and Investments,1000000.0,2021
672,Flatheads,1000000.0,4042
600,Express Stores,1000000.0,2021
668,Fixcraft,1000000.0,2021
2071,WiT-ACE,1000000.0,2021
526,EM3 Agri,1000000.0,2020
528,ERPNext,1000000.0,2020
674,Fleek,1000000.0,2021
2110,Xtracap,1000000.0,2020
814,Hakuna Matata,1000000.0,2021
1869,The Sleep Company,1000000.0,2021
477,Devic Earth,1000000.0,2021
885,IBSFINtech,1000000.0,2021
39,AdmitKard,1000000.0,2021
2192,immunitoAI,1000000.0,2021
592,Evenflow Brands,1000000.0,4042
603,ExtraaEdge,1000000.0,2021
715,Fuel Buddy,1000000.0,2021
2094,WoodenStreet,1000000.0,2020
1822,Syook,1000000.0,2021
117,Assiduus,1000000.0,2020
1959,Unlu,1000000.0,2021
843,HempStreet,1000000.0,2020
714,Froogal,1000000.0,2019
1832,Taikee,1000000.0,2021
2125,Yu Foodlabs,1000000.0,2021
2179,goSTOPS,1000000.0,2021
1931,TurboHire,1000000.0,4041
422,Crofarm,1000000.0,2020
560,Elixia Tech Solutions,1000000.0,2021
1900,Totality,1000000.0,2021
1898,Toppersnotes,1000000.0,2021
2173,eJOHRI,1000000.0,2019
596,Excess2Sell,1000000.0,2020
537,Easiloan,1000000.0,2021
639,Fedo,1000000.0,2020
776,Godamwale,1000000.0,2021
626,Fanball XI,1000000.0,2020
692,Forbidden Foods,1000000.0,2020
1842,TaxBuddy.com,1000000.0,2020
753,Gig India,1000000.0,2020
2012,Vidyakul,1000000.0,4042
2019,Vista Rooms,1000000.0,2021
1801,SuperMoney,1000000.0,2020
637,Fashor,1000000.0,2020
2003,Verandah,1000000.0,2021
512,Dropshop,1000000.0,2021
1167,Medpho,1000000.0,2021
1193,Mindler,1000000.0,2021
1257,Navia Life Care,1000000.0,2021
1539,Raskik,1000000.0,2020
1510,QuaQua,1000000.0,2020
1104,Locale.ai,1000000.0,2021
1245,NFTically,1000000.0,4042
335,CityCash,1000000.0,2020
1127,MYFITNESS,1000000.0,2021
1573,Rockclimber,1000000.0,2021
1700,Skymet,1000000.0,2021
1611,Saarthi Pedagogy,1000000.0,2021
1032,Kredent,1000000.0,2021
1395,Pencil,1000000.0,2021
1678,Shyplite,1000000.0,2021
1227,Muvin,1000000.0,2021
1716,SmartKarrot,1000000.0,2020
1124,MSMEx,1000000.0,2021
935,Innerchef,1000000.0,2020
1126,MYBYK,1000000.0,2021
225,Blive,1000000.0,2021
1432,Pixuate,1000000.0,2021
1037,Krishitantra,1000000.0,2020
1729,Solethreads,1000000.0,2021
217,Bizlog,1000000.0,2020
959,Ishitva,1000000.0,2021
1585,RuleZero,1000000.0,2021
1641,Say Cheese,1000000.0,2021
1745,Spoonshot,1000000.0,2020
156,BHIVE Investech,1000000.0,2020
138,Aviom Housing Finance,1000000.0,2021
168,Bandhoo,1000000.0,2021
1302,Now&Me,1000000.0,2021
1650,SeeVC,1000000.0,2021
1218,Moneyboxx Finance,1000000.0,2020
1283,NimbleBox.ai,1000000.0,2021
1005,Kiko Live,1000000.0,2021
1603,SOAL,1000000.0,2020
1606,STAGE,1000000.0,2020
1064,LearnVern,1000000.0,2021
1550,Refrens,1000000.0,2020
1137,Manch Technologies,1000000.0,2021
1544,ReadyAssist,1000000.0,2021
1067,Legal Salah,1000000.0,2020
754,GigIndia,971000.0,2020
421,Crio,934000.0,2020
1142,MasterChow,922000.0,4042
1844,TeaMonk,900000.0,2020
993,Kazam,900000.0,2021
1991,Vanity Wagon,900000.0,4042
98,Aqgromalin,900000.0,4041
1007,Kirana King,900000.0,2020
922,Inficold,900000.0,2021
1901,Tracxn,887000.0,2020
319,Chara,850000.0,2021
2198,leap.club,810000.0,2021
413,CreditMantri,803146.0,2020
1583,Rubix Data Sciences,800000.0,2021
1800,SuperK,800000.0,2021
825,Haqdarshak,800000.0,2021
1887,Tinkerly,800000.0,2021
1270,NeuroPixel.AI,800000.0,2021
352,Clientjoy,800000.0,2020
1813,Svami,800000.0,2020
1812,Suryoday,800000.0,2020
940,Insane AI,800000.0,2021
1509,Qoohoo,800000.0,2021
728,GUVI,800000.0,2020
1530,RaRa Delivery,800000.0,2020
1783,Studio Sirah,800000.0,2021
411,Credit Mantri,792000.0,2020
806,Guvi Geek Network Pvt Ltd,786000.0,2020
1516,QuickShift,770000.0,2021
743,GenieTalk,750000.0,2020
110,Artium Academy,750000.0,2021
584,Ethereum Push Notification Service,750000.0,2020
1495,Pulse,750000.0,2020
1742,Spintly,748000.0,4041
1009,KiranaKart,720000.0,2021
1537,Raptee Energy,700000.0,2021
1027,Koparo,700000.0,2021
398,Crater.Club,700000.0,2021
1830,TagMango,700000.0,2020
171,BankSathi,700000.0,4042
1230,MyDentalPlan,700000.0,2021
770,GoSats,700000.0,2021
2175,eShipz,700000.0,2021
921,Infeedo,700000.0,2020
2168,bitsCrunch,700000.0,2021
238,Bolo Indya,700000.0,4040
618,Fabriclore,700000.0,2021
602,Extra Edge,700000.0,2020
1176,MergerDomo,697000.0,4041
137,Aviom,682000.0,2020
1304,NuNu TV,670000.0,2020
449,Daalchini,669000.0,2020
329,ChitMonks,650000.0,2020
1858,Text Mercato,649600.0,2020
762,Go Desi,627300.0,2020
367,CoffeeMug.ai,620000.0,2021
1147,Max wholesale,603000.0,2020
17,ABL Workspaces,600000.0,2021
33,Acculi Labs,600000.0,2020
342,ClanConnect,600000.0,2020
388,Cora Health,600000.0,4042
943,Inspektlabs,600000.0,2020
478,Devnagri,600000.0,2021
86,Anveshan,600000.0,4041
1597,SAWO Labs,600000.0,2020
1070,Legitquest,600000.0,2021
141,Avishkaar,600000.0,2021
290,Capital Quotient,600000.0,2020
198,BigLeap,600000.0,2021
819,HappyCredit,600000.0,2021
691,FoodyBuddy,600000.0,2020
1229,MyClassboard,600000.0,2020
2208,qZense,600000.0,2020
812,Habitat,600000.0,2020
983,Kaagaz Scanner,575000.0,2020
521,D’Moksha Homes,570000.0,2021
283,Callify.ai,560000.0,2020
1024,Kolo,550000.0,2021
785,Gradeup,546000.0,2020
803,GullyBuy Software,543000.0,2020
1930,Tummoc,540000.0,2021
1956,Universal Sportsbiz,530000.0,2020
1478,ProEves,507000.0,2020
1069,Legalwiz.in,500000.0,2021
176,Beco,500000.0,2021
1950,UnboxRobotics Labs,500000.0,2020
434,CureSkin,500000.0,2020
1592,RuralBasket,500000.0,2020
1036,Krimanshi Feeds,500000.0,2020
1569,RiseBird,500000.0,2021
1594,SALT,500000.0,2021
670,FlashPrep,500000.0,2021
1638,Satyukt,500000.0,2020
1810,Supplynote,500000.0,2020
898,Imagimake,500000.0,4042
532,EarnWealth,500000.0,2021
538,EasyAspataal,500000.0,2021
1349,Openapp,500000.0,2020
1734,Spaciya Consultants,500000.0,2020
887,IGL,500000.0,2021
128,Automovill,500000.0,2021
1264,Neokred,500000.0,2021
1787,Stylework,500000.0,2021
1220,MoooFarm,500000.0,2020
1796,Super Surfaces,500000.0,2020
1215,Monet Networks,500000.0,2020
1441,Playo,500000.0,2021
1557,Remedico,500000.0,2021
1442,Playto Labs,500000.0,2021
310,Celcius,500000.0,4042
55,AgroWave,500000.0,2020
340,Clairco,500000.0,2021
1868,The New Shop,500000.0,2020
166,Bambinos,500000.0,2021
822,HappyLocate,500000.0,2020
1847,TechEagle,500000.0,2021
313,Cellestial,500000.0,2021
460,DcodeAI,500000.0,2021
2038,WINDO,500000.0,2021
658,Firescore,500000.0,2020
2041,Wagonfly,500000.0,2020
205,BimaPe,500000.0,2021
1480,Probus,500000.0,2021
429,Cube Wealth,500000.0,2020
384,Consure Medical,480000.0,2020
1785,StyleDotMe,467000.0,2020
778,GoldenPi,459000.0,2020
131,AvalonMeta,420000.0,2020
1391,Pedagogy,400000.0,2020
2145,Zingavita,400000.0,2021
606,Ezstays,400000.0,2021
1087,Lil’ Goodness and sCool meal,400000.0,2019
2109,Xpresslane,400000.0,2021
818,Happy Jars,400000.0,2021
1735,Spardha,400000.0,2021
1798,SuperBottoms,400000.0,2021
231,BlueLearn,400000.0,2021
721,Fyllo,400000.0,2021
2112,YPay,400000.0,2021
1780,Strip Finance,400000.0,2021
693,ForeignAdmits,400000.0,2021
1243,NCOME,400000.0,2020
1426,PingoLearn,400000.0,4042
127,AutomataPi,400000.0,2021
683,Flo Mobility,400000.0,2021
1175,Mera Cashier,400000.0,4040
396,Cover it Up,400000.0,2020
958,IsGoingOnline,400000.0,4042
2076,Wiingy,400000.0,2021
1314,ORAI,400000.0,2021
1750,Spottabl,400000.0,2021
1747,SportZchain,400000.0,2021
1815,Svish,400000.0,2021
901,Imstrong,400000.0,2020
124,Auntie Fung,400000.0,2021
779,Gonuts,400000.0,2020
1546,Reccy Adventures,400000.0,2021
1364,O’ Be Cocktails,400000.0,2021
1174,Mentza,400000.0,2021
1934,Tvasta,400000.0,2021
381,Comofi Medtech,400000.0,4042
1420,Pickright Technologies,375000.0,4041
1271,Neverinstall,370000.0,2021
255,BricSpaces,350000.0,2021
2124,YourPhysio,350000.0,2021
1863,The Health company,350000.0,2020
450,Daily Ninja,349800.0,2020
2073,WickedGud,340000.0,2021
969,Jidoka Technologies,340000.0,2021
1978,Uvi Health,330000.0,2021
1396,Pencilton,330000.0,2021
1327,Oga,330000.0,2020
1520,Quintype Technologies,325000.0,2020
439,CustomerGlu,320000.0,2021
734,GameEon Studios,320000.0,2021
809,Habbit,320000.0,2021
1399,Pepper,306900.0,2020
1695,SkilloVilla,300000.0,2021
1484,Prodo,300000.0,2021
653,Finsall,300000.0,2021
1448,Plutomen,300000.0,2021
470,Deepsync,300000.0,2020
957,Inzpira,300000.0,2021
223,Blaer Motors,300000.0,2021
1535,Rapawalk,300000.0,2020
328,Chirrup,300000.0,2021
855,HobSpace,300000.0,4041
2000,VenWiz,300000.0,2021
662,Fitpage,300000.0,2021
1501,PurpleTutor,300000.0,2021
324,ChefKart,300000.0,2021
1503,QShala,300000.0,2020
1835,Tamasha.live,300000.0,2020
1659,Shadez,300000.0,4041
157,BHyve,300000.0,2021
1090,Little Leap,300000.0,2021
2069,Whiz League,300000.0,2021
2195,ixamBee,300000.0,2021
1542,ReDesyn,300000.0,2021
747,Genrobotics,300000.0,2020
1733,SpEd@home,300000.0,2021
544,EduFund,300000.0,2021
749,GeoIQ,300000.0,2020
543,Edmingle,300000.0,2021
1627,Sapio Analytics,300000.0,6062
1077,LetsDressUp,300000.0,2021
914,Indic Inspirations,300000.0,2021
2188,iMumz,300000.0,2021
1259,Near Store,300000.0,2020
386,Convin,300000.0,2021
1357,Ourbetterplanet,300000.0,2021
354,CloudFiles,300000.0,2021
568,Endimension,300000.0,2021
579,Equiwatt,300000.0,2020
1052,Lancify,300000.0,2020
2207,peAR,300000.0,2021
572,Ensuredit,300000.0,2020
1152,MechMocha,292000.0,2020
955,Invento Robotics,281300.0,2020
1517,Quicko,280000.0,2020
215,BiteSpeed,275000.0,2020
457,Data Sutram,266500.0,2020
2001,Vendor Infra,265000.0,2021
73,Ameliorate Biotech,264000.0,2020
643,Filo,260000.0,2021
1403,Perfora,260000.0,2021
960,Jade Forest,250000.0,2020
745,Genius Corner,250000.0,2020
982,KIWI,250000.0,2021
807,Gyde,250000.0,2021
928,Infurnia,240000.0,2020
752,GetWork,240000.0,4041
1022,Kohbee,235000.0,2021
420,Crimson Healthcare,229800.0,2020
2118,Yodacart,225000.0,2021
492,DocSumo,220000.0,2020
1843,Tea Trunk,220000.0,2020
642,Fieldproxy,200000.0,2021
2089,Wobb,200000.0,2021
1488,Prolgae,200000.0,2021
19,AFK Gaming,200000.0,2020
233,Bluepad,200000.0,2021
1173,Mentoria,200000.0,2021
756,Glamplus,200000.0,2021
475,Design X,200000.0,2020
20,AMPM,200000.0,2021
2061,Wellcure,200000.0,2020
66,AlgoBulls,200000.0,2020
897,Illumnus,200000.0,4040
524,EF Polymer,200000.0,2021
573,Enthu.ai,200000.0,2021
569,Enercomp,200000.0,2021
488,Disruptium,200000.0,2021
466,Deciwood,200000.0,2021
605,EzeRx,200000.0,2020
1667,ShipsKart,200000.0,2020
1358,OwO,200000.0,2021
1014,Klassroom,200000.0,2021
2170,byteXL,200000.0,2021
1574,Rocket Skills,200000.0,2021
252,Braingroom,200000.0,2021
235,Boingg,200000.0,2021
791,Green Soul,200000.0,2021
594,Ewar,200000.0,2020
929,InfyU Labs,200000.0,2021
1255,Nap Chief,200000.0,2021
1671,ShopMyLooks,200000.0,2021
942,Inspacco,200000.0,2021
842,Hemp Horizons,200000.0,2021
1806,Supersourcing,200000.0,2021
1377,ParkSmart,198000.0,4041
2086,Witblox,182700.0,2019
1664,Shiksha,181000.0,2020
1855,Tessol,160000.0,2020
863,Homversity,155000.0,2021
2130,ZFW Hospitality,150000.0,2021
1172,MentorKart,150000.0,2021
530,EV Plugs,150000.0,2021
771,GoTo,150000.0,2021
1825,TRDR,150000.0,2021
1841,Tattva,150000.0,2020
1862,The Gourmet Jar,150000.0,2021
971,JobSquare,140500.0,2019
972,Jobsgaar,140000.0,2021
1859,ThatMate,140000.0,2021
2211,truMe,140000.0,2019
468,DeepSync,136000.0,2020
1568,Ripsey,133000.0,2020
1696,Skippi Ice Pops,130000.0,2021
1884,Tilt,125000.0,2021
1619,Samaaro,125000.0,2021
1356,OurEye.ai,120000.0,2020
1927,TrulyMadly Matchmakers,110000.0,2020
1628,Sarathi,100000.0,2021
1268,Nestroots,100000.0,2021
464,DebugsBunny,100000.0,2020
1016,Knackit,100000.0,2021
270,Buyofuel,100000.0,2021
949,IntelleWings,100000.0,2021
700,FreeStand,100000.0,2021
1056,Lawyered,100000.0,2019
1177,Mestastop Solutions,100000.0,2021
481,Dhurnia,100000.0,2020
1976,UrbanMatrix Technologies,100000.0,2021
520,Dybo,100000.0,2021
1474,Prescribe,100000.0,2020
1232,MyGameMate,100000.0,2019
1808,Supply6,100000.0,2021
438,Cusmat,100000.0,2021
1990,Valuationary,100000.0,2021
1030,Krayonnz,100000.0,2020
1498,Puresh Daily,100000.0,2021
1325,Odwen,54000.0,2020
1500,Purple Style Labs,43000.0,2020
1479,ProPhysio,40900.0,2020
989,Karfa,25000.0,2020
1214,Monech,12700.0,2020
1845,Teach Us,12700.0,2020
1163,Medicus,12700.0,2020
759,Glii,10000.0,2021
1393,Peel Works,42.23,2020
1596,SATYA Microcapital,9.6,2020
1282,Nimble Growth Organics,0.0,2021
286,CanPe,0.0,2021
1045,Kwik Foods,0.0,2021
1040,Kudos,0.0,2021
1068,LegalPay,0.0,4042
883,Hyreo,0.0,2021
1256,Navars,0.0,2021
173,BatteryPool,0.0,2021
1247,NIRAMAI,0.0,2021
1728,Sochcast,0.0,2021
1602,SMOOR,0.0,2021
1566,Rezo.ai,0.0,2021
2209,saarthi.ai,0.0,2021
878,Hypd Store,0.0,2021
1968,Upgame,0.0,2021
2158,Zouk,0.0,2021
91,ApnaKlub,0.0,2021
1379,Pathfndr.io,0.0,2021
1011,Kissan Pro,0.0,2021
2201,mHealth,0.0,2021
82,Answer Genomics,0.0,2021
102,Arbo Works,0.0,2021
2155,Zorgers,0.0,2021
1736,Spark Studio,0.0,2021
1343,Onelife Nutriscience,0.0,2021
1058,LeadSquared,0.0,2021
78,Anar Business Community,0.0,2021
1342,Onelife,0.0,2021
1341,Oneiric Gaming,0.0,2021
1062,Learn4o Technology,0.0,2021
83,AntWak,0.0,2021
100,Aquatein,0.0,2021
1937,TyrePlex,0.0,2021
1065,Leegality,0.0,2021
1289,NirogGyan,0.0,2021
1054,Lavado,0.0,2021
380,CommerceUp,0.0,2021
130,Avalon Labs,0.0,2021
742,Genext Students,0.0,2021
1632,SatSure,0.0,2021
104,Arcatron Mobility,0.0,2021
725,GODI Energy,0.0,2021
732,GalaxEye,0.0,2021
322,Chargeup,0.0,2021
659,Firmway,0.0,2021
32,Accio Robotics,0.0,2021
975,Juicy chemistry,0.0,2021
952,Intervue,0.0,2021
1701,Slang Labs,0.0,2021
1676,Shumee,0.0,2021
2101,Wright Research,0.0,2021
1183,MicroDegree,0.0,2021
1181,MetroRide,0.0,2021
50,Agri10x,0.0,2021
2045,Wallmantra,0.0,2021
484,DigiSparsh,0.0,2021
1452,Pocketly,0.0,2021
1975,UrbanKisaan,0.0,2021
1455,Polygon,0.0,2021
2048,WaterScience,0.0,2021
152,AyuRythm,0.0,2021
2060,Wellbeing Nutrition,0.0,2021
616,Fabheads,0.0,2021
1462,Powerhouse91,0.0,2021
617,Fable Fintech,0.0,2021
852,Hike,0.0,2021
1158,MedPrime Technologies,0.0,2021
1472,PrepBytes,0.0,2021
1919,TruNativ,0.0,2021
2068,Wherehouse.io,0.0,2021
2024,Vitra.ai,0.0,2021
1511,Quali55Care,0.0,2021
299,CareerNinja,0.0,2021
1513,Qube Health,0.0,2021
570,Enguru,0.0,2021
169,BangDB,0.0,2021
1380,PayCardo,0.0,2021
907,Indi Energy,0.0,2021
1872,The Switch Fix,0.0,2021
361,CoRover,0.0,2021
362,Codedamn,0.0,2021
1387,PazCare,0.0,2021
623,FanAnywhere,0.0,4042
67,Almo,0.0,2021
1390,PeakPerformer,0.0,2021
874,Humit,0.0,2021
2135,Zenpay Solutions,0.0,2021
1860,The Ayurveda Co,0.0,2021
1228,My3DSelfie,0.0,2021
930,Ingenium,0.0,2021
994,Keeros,0.0,2021
704,Frenzi,0.0,2021
1657,Settlrs,0.0,2021
237,Bolkar,0.0,2021
862,Homingos,0.0,2021
991,Karkinos Healthcare,0.0,2021
1797,SuperBeings,0.0,2021
60,Aisle,0.0,2021
595,ExMyB,0.0,2021
210,Biocraft Innovation Technology,0.0,2021
